Results: (279),<<  1  >>
A    B    C    D    E    F    G    H    I    J    K    L    M    N    O    P    Q    R    S    T    U    V    W    X    Y    Z
Pos,Game,Console,Publisher,Developer,VGChartz Score,Critic Score,User Score,Total Shipped,Total Sales,NA Sales,PAL Sales,Japan Sales,Other Sales,Release Date,Last Update
1,,Just Dance,,Ubisoft,Ubisoft,N/A,N/A,N/A,70.00m,N/A,N/A,N/A,N/A,N/A,17th Nov 09,11th Feb 20
2,,Guitar Hero,,Activision,Harmonix,N/A,N/A,N/A,40.00m,N/A,N/A,N/A,N/A,N/A,08th Nov 05,05th Mar 20
3,,SingStar,,Sony Interactive Entertainment,London Studios,N/A,N/A,N/A,20.00m,N/A,N/A,N/A,N/A,N/A,21st May 04,18th Feb 20
4,,Rock Band,,MTV Games,Harmonix,N/A,N/A,N/A,13.20m,N/A,N/A,N/A,N/A,N/A,20th Nov 07,18th Apr 21
5,,Taiko no Tatsujin,,Namco,Bandai Namco Studios,N/A,N/A,N/A,11.29m,N/A,N/A,N/A,N/A,N/A,26th Oct 04,18th Feb 20
6,,Dance Dance Revolution,,Konami,Konami,N/A,N/A,N/A,11.00m,N/A,N/A,N/A,N/A,N/A,26th Sep 98,03rd Mar 20
7,,The Experience,,Ubisoft,Ubisoft,N/A,N/A,N/A,9.00m,N/A,N/A,N/A,N/A,N/A,06th Nov 10,10th Feb 20
8,,Guitar Hero III: Legends of Rock,,Activision,Neversoft,N/A,N/A,N/A,8.00m,N/A,N/A,N/A,N/A,N/A,28th Oct 07,01st Nov 20
9,,Just Dance 3,,Ubisoft,Ubisoft,N/A,N/A,N/A,7.00m,N/A,N/A,N/A,N/A,N/A,07th Oct 11,24th Oct 20
10,,Just Dance 4,,Ubisoft,Ubisoft,N/A,N/A,N/A,N/A,6.89m,4.05m,2.21m,N/A,0.62m,09th Oct 12,31st Jan 18
11,,Hatsune Miku: Project,,Sega,Sega,N/A,N/A,N/A,6.35m,N/A,N/A,N/A,N/A,N/A,09th Apr 12,07th Feb 20
12,,Guitar Hero World Tour,,Activision,Neversoft,N/A,N/A,N/A,5.10m,N/A,N/A,N/A,N/A,N/A,26th Oct 08,01st Nov 20
13,,Rhythm Heaven,,Nintendo,Nintendo,N/A,N/A,N/A,5.05m,N/A,N/A,N/A,N/A,N/A,05th Apr 09,18th Aug 20
14,,Guitar Hero II,,RedOctane,Harmonix Music Systems,N/A,N/A,N/A,5.00m,N/A,N/A,N/A,N/A,N/A,07th Nov 06,01st Nov 20
15,,Just Dance 2015,,Ubisoft,Ubisoft,N/A,N/A,N/A,4.00m,N/A,N/A,N/A,N/A,N/A,21st Oct 14,24th Oct 20
16,,Rock Band,,MTV Games,Harmonix Music Systems,N/A,N/A,N/A,4.00m,N/A,N/A,N/A,N/A,N/A,20th Nov 07,18th Apr 21
17,,Rocksmith,,Ubisoft,Ubisoft,N/A,N/A,N/A,4.00m,N/A,N/A,N/A,N/A,N/A,18th Oct 11,13th Jun 21
18,,Just Dance 2014,,Ubisoft,Ubisoft Paris,N/A,7.4,N/A,N/A,3.89m,1.91m,1.66m,N/A,0.33m,08th Oct 13,08th Mar 18
19,,Guitar Hero: Aerosmith,,Activision,Neversoft,N/A,N/A,N/A,3.60m,N/A,N/A,N/A,N/A,N/A,29th Jun 08,01st Nov 20
20,,Rhythm Heaven    Read the review,,Nintendo,Nintendo SPD Group No.1,8.9,8.5,N/A,3.04m,N/A,N/A,N/A,N/A,N/A,05th Apr 09,31st May 18
21,,Michael Jackson: The Experience,,Ubisoft,Ubisoft,N/A,N/A,N/A,3.00m,N/A,N/A,N/A,N/A,N/A,06th Nov 10,24th Oct 20
22,,Wii Music,,Nintendo,Nintendo EAD,N/A,5.6,N/A,2.86m,N/A,N/A,N/A,N/A,N/A,20th Oct 08,31st May 18
23,,Dance Central,,MTV Games,Harmonix Music Systems,N/A,8.4,N/A,2.50m,N/A,N/A,N/A,N/A,N/A,04th Nov 10,10th Aug 18
24,,Just Dance 2015,,Ubisoft,Ubisoft Paris,N/A,N/A,N/A,N/A,2.09m,1.00m,0.91m,N/A,0.18m,21st Oct 14,03rd Apr 18
25,,Dance Central 2    Read the review,,Microsoft,Harmonix Music Systems,7.2,8.6,N/A,N/A,2.04m,1.45m,0.41m,0.01m,0.16m,25th Oct 11,10th Aug 18
26,,Beat Saber,,Beat Games,Beat Games,N/A,N/A,N/A,2.00m,N/A,N/A,N/A,N/A,N/A,21st May 19,10th Oct 20
27,,Rock Band 2,,MTV Games,Harmonix Music Systems,N/A,N/A,N/A,2.00m,N/A,N/A,N/A,N/A,N/A,14th Sep 08,18th Apr 21
28,,The Beatles: Rock Band,,MTV Games,Harmonix Music Systems,N/A,N/A,N/A,2.00m,N/A,N/A,N/A,N/A,N/A,09th Sep 09,18th Apr 21
29,,Taiko no Tatsujin: Drum 'n' Fun!,,Bandai Namco Games,Bandai Namco Games,N/A,7.5,N/A,1.89m,N/A,N/A,N/A,N/A,N/A,02nd Nov 18,25th Aug 18
30,,Guitar Hero: Metallica,,Activision,Neversoft,N/A,N/A,N/A,1.50m,N/A,N/A,N/A,N/A,N/A,29th Mar 09,01st Nov 20
31,,Guitar Hero Live,,Activision,FreeStyleGames,N/A,N/A,N/A,N/A,1.21m,0.52m,0.49m,N/A,0.20m,20th Oct 15,15th Mar 18
32,,Just Dance 4,,Ubisoft,Ubisoft,N/A,N/A,N/A,N/A,1.21m,0.90m,0.19m,N/A,0.12m,09th Oct 12,31st Jan 18
33,,DJ Hero,,Activision,FreeStyle Games,N/A,N/A,N/A,1.20m,N/A,N/A,N/A,N/A,N/A,27th Aug 09,01st Nov 20
34,,Rock Band 3,,MTV Games,Harmonix Music Systems,N/A,N/A,N/A,1.20m,N/A,N/A,N/A,N/A,N/A,26th Oct 10,18th Apr 21
35,,Just Dance 2016,,Ubisoft,Ubisoft Paris,N/A,N/A,N/A,N/A,1.11m,0.43m,0.58m,N/A,0.09m,20th Oct 15,05th Apr 18
36,,Rocksmith 2014,,Ubisoft,Ubisoft San Francisco,N/A,9.1,N/A,N/A,1.05m,0.56m,0.26m,0.05m,0.17m,22nd Oct 13,08th Mar 18
37,,Just Dance 2014,,Ubisoft,Ubisoft Paris,N/A,7.6,N/A,N/A,1.03m,0.75m,0.18m,N/A,0.10m,08th Oct 13,08th Mar 18
38,,Rhythm Heaven Megamix,,Nintendo,Nintendo,N/A,8.8,N/A,1.02m,N/A,N/A,N/A,N/A,N/A,15th Jun 16,31st May 18
39,,Beatmania,,Konami,Konami,N/A,N/A,N/A,1.00m,N/A,N/A,N/A,N/A,N/A,31st Dec 97,12th Jan 21
40,,Guitar Hero 5,,Activision,Neversoft,N/A,N/A,N/A,1.00m,N/A,N/A,N/A,N/A,N/A,01st Sep 09,01st Nov 20
41,,Just Dance 2017,,Ubisoft,Ubisoft Paris,N/A,N/A,N/A,N/A,1.00m,0.40m,0.51m,N/A,0.08m,25th Oct 16,06th Apr 18
42,,Rocksmith 2014,,Ubisoft,Ubisoft San Francisco,N/A,8.4,N/A,N/A,0.99m,0.73m,0.16m,0.00m,0.10m,22nd Oct 13,08th Mar 18
43,,Rhythm Heaven Fever,,Nintendo,Nintendo / TNX,N/A,N/A,N/A,N/A,0.89m,0.11m,N/A,0.77m,0.01m,13th Feb 12,31st May 18
44,,Dance Central 3,,Microsoft,Harmonix Music Systems,N/A,N/A,N/A,N/A,0.83m,0.57m,0.19m,N/A,0.07m,16th Oct 12,10th Aug 18
45,,Guitar Hero Live,,Activision,FreeStyleGames,N/A,N/A,N/A,N/A,0.83m,0.52m,0.23m,N/A,0.08m,20th Oct 15,15th Mar 18
46,,Just Dance 2019,,Ubisoft,Ubisoft Paris,N/A,N/A,N/A,N/A,0.76m,0.43m,0.26m,N/A,0.07m,23rd Oct 18,28th Sep 18
47,,Just Dance 2018,,Ubisoft,Ubisoft Paris,N/A,8.0,N/A,N/A,0.76m,0.30m,0.40m,N/A,0.06m,24th Oct 17,06th Apr 18
48,,Rock Band 4,,Harmonix Music Systems,Harmonix Music Systems,N/A,N/A,N/A,N/A,0.75m,0.62m,0.05m,N/A,0.08m,06th Oct 15,23rd May 18
49,,Just Dance 2015,,Ubisoft,Ubisoft Paris,N/A,N/A,N/A,N/A,0.75m,0.40m,0.29m,N/A,0.07m,21st Oct 14,03rd Apr 18
50,,Rocksmith 2014,,Ubisoft,Ubisoft San Francisco,N/A,9.0,N/A,N/A,0.70m,0.39m,0.24m,N/A,0.06m,04th Oct 16,08th Mar 18
51,,Rocksmith 2014,,Ubisoft,Ubisoft San Francisco,N/A,N/A,N/A,N/A,0.67m,0.38m,0.17m,N/A,0.12m,04th Oct 16,08th Mar 18
52,,Taiko no Tatsujin Wii: Super Deluxe Edition,,Namco Bandai Games,Bandai Namco Games,N/A,N/A,N/A,N/A,0.66m,N/A,N/A,0.66m,N/A,29th Nov 12,21st Mar 18
53,,Just Dance 2014,,Ubisoft,Ubisoft Paris,N/A,7.5,N/A,N/A,0.64m,0.34m,0.25m,N/A,0.06m,08th Oct 13,08th Mar 18
54,,Just Dance 2015,,Ubisoft,Ubisoft Paris,N/A,N/A,N/A,N/A,0.61m,0.42m,0.13m,N/A,0.06m,21st Oct 14,03rd Apr 18
55,,Just Dance 2016,,Ubisoft,Ubisoft Paris,N/A,N/A,N/A,N/A,0.60m,0.29m,0.25m,N/A,0.05m,20th Oct 15,05th Apr 18
56,,Rock Band 4,,Harmonix Music Systems,Harmonix Music Systems,N/A,N/A,N/A,N/A,0.57m,0.41m,0.06m,N/A,0.10m,06th Oct 15,23rd May 18
57,,Hatsune Miku: Project Diva Future Tone,,Sega,Sega,N/A,N/A,N/A,0.55m,N/A,N/A,N/A,N/A,N/A,10th Jan 17,21st Sep 18
58,,Lips: Number One Hits,,Microsoft Game Studios,iNiS,N/A,N/A,N/A,N/A,0.55m,0.15m,0.34m,N/A,0.06m,20th Oct 09,10th Oct 18
59,,Just Dance 2015,,Ubisoft,Ubisoft Paris,N/A,8.1,N/A,N/A,0.54m,0.36m,0.13m,N/A,0.05m,21st Oct 14,03rd Apr 18
60,,Child of Eden,,Ubisoft,Q Entertainment,N/A,N/A,N/A,0.50m,N/A,N/A,N/A,N/A,N/A,14th Jun 11,05th Jul 21
61,,Just Dance 2014,,Ubisoft,Ubisoft Paris,N/A,N/A,N/A,N/A,0.48m,0.31m,0.12m,N/A,0.04m,22nd Nov 13,08th Mar 18
62,,Just Dance 2014,,Ubisoft,Ubisoft Paris,N/A,7.5,N/A,N/A,0.47m,0.21m,0.18m,N/A,0.08m,15th Nov 13,08th Mar 18
63,,Just Dance 4,,Ubisoft,Ubisoft,N/A,N/A,N/A,N/A,0.45m,0.26m,0.11m,N/A,0.08m,09th Oct 12,31st Jan 18
64,,Just Dance 2017,,Ubisoft,Ubisoft Paris,N/A,N/A,N/A,N/A,0.43m,0.19m,0.21m,N/A,0.04m,25th Oct 16,06th Apr 18
65,,Rocksmith 2014,,Ubisoft,Ubisoft San Francisco,N/A,9.0,N/A,N/A,0.43m,0.31m,0.08m,N/A,0.04m,04th Oct 16,08th Mar 18
66,,Just Dance 2015,,Ubisoft,Ubisoft Paris,N/A,N/A,N/A,N/A,0.41m,0.21m,0.13m,N/A,0.07m,21st Oct 14,03rd Apr 18
67,,Theatrhythm Final Fantasy: Curtain Call,,Square Enix,Square Enix,N/A,N/A,N/A,N/A,0.41m,0.16m,0.08m,0.15m,0.02m,16th Sep 14,29th Jan 19
68,,Just Dance 2018,,Ubisoft,Ubisoft Paris,N/A,N/A,N/A,N/A,0.39m,0.14m,0.22m,N/A,0.03m,24th Oct 17,06th Apr 18
69,,Just Dance 2016,,Ubisoft,Ubisoft Paris,N/A,N/A,N/A,N/A,0.39m,0.19m,0.13m,N/A,0.07m,20th Oct 15,05th Apr 18
70,,Just Dance 2014,,Ubisoft,Ubisoft Paris,N/A,7.8,N/A,N/A,0.39m,0.17m,0.15m,N/A,0.07m,08th Oct 13,08th Mar 18
71,,Hatsune Miku: Project DIVA F,,Sega,Sega,N/A,N/A,N/A,0.39m,N/A,N/A,N/A,N/A,N/A,04th Mar 14,05th Jan 21
72,,Just Dance 4,,Ubisoft,Ubisoft,N/A,N/A,N/A,N/A,0.38m,0.21m,0.14m,N/A,0.03m,18th Nov 12,31st Jan 18
73,,Just Dance 2016,,Ubisoft,Ubisoft Paris,N/A,N/A,N/A,N/A,0.38m,0.30m,0.04m,N/A,0.04m,20th Oct 15,05th Apr 18
74,,Persona 4: Dancing All Night,,Atlus,Dingo Inc.,N/A,N/A,N/A,N/A,0.38m,0.12m,0.04m,0.16m,0.05m,29th Sep 15,31st May 18
75,,Guitar Hero Live,,Activision,FreeStyleGames,N/A,N/A,N/A,N/A,0.38m,0.16m,0.16m,N/A,0.06m,20th Oct 15,15th Mar 18
76,,Just Dance 2016,,Ubisoft,Ubisoft Paris,N/A,N/A,N/A,N/A,0.36m,0.26m,0.06m,N/A,0.04m,20th Oct 15,05th Apr 18
77,,Just Dance 2017,,Ubisoft,Ubisoft Paris,N/A,N/A,N/A,N/A,0.34m,0.25m,0.05m,N/A,0.03m,25th Oct 16,06th Apr 18
78,,Guitar Hero Live,,Activision,FreeStyleGames,N/A,N/A,N/A,N/A,0.34m,0.20m,0.11m,N/A,0.03m,20th Oct 15,15th Mar 18
79,,Taiko Drum Master: Don and Katsu's Space-Time Great Adventure,,Namco Bandai Games,Namco Bandai Games,N/A,N/A,N/A,N/A,0.33m,N/A,N/A,0.33m,N/A,26th Jun 14,23rd Jan 18
80,,Audiosurf 2,,Unknown,Dylan Fitterer,N/A,N/A,N/A,0.32m,N/A,N/A,N/A,N/A,N/A,N/A,13th Feb 19
81,,Hatsune Miku: Project Diva F 2nd,,Sega,Sega,N/A,N/A,N/A,N/A,0.32m,0.08m,0.05m,0.16m,0.04m,18th Nov 14,24th Oct 18
82,,Rhythm Tengoku,,Nintendo,Nintendo SPD Group No.1,N/A,N/A,N/A,N/A,0.30m,N/A,N/A,0.30m,0.01m,03rd Aug 06,31st May 18
83,,Just Dance 2018,,Ubisoft,Ubisoft Paris,N/A,N/A,N/A,N/A,0.30m,0.10m,0.15m,N/A,0.05m,24th Oct 17,06th Apr 18
84,,Just Dance 2017,,Ubisoft,Ubisoft Paris,N/A,6.5,N/A,N/A,0.29m,0.07m,0.20m,N/A,0.02m,03rd Mar 17,06th Apr 18
85,,Just Dance Wii 2,,Nintendo,Ubisoft,N/A,N/A,N/A,N/A,0.29m,N/A,N/A,0.29m,N/A,26th Jul 12,30th Aug 18
86,,Next Hatsune Miku: Project Diva    Read the review,,Sega,Sega,8.1,N/A,N/A,N/A,0.28m,0.08m,N/A,0.19m,0.02m,27th Aug 13,19th Oct 18
87,,Just Dance 2015,,Ubisoft,Ubisoft Paris,N/A,N/A,N/A,N/A,0.28m,0.15m,0.08m,N/A,0.05m,21st Oct 14,03rd Apr 18
88,,Just Dance 2017,,Ubisoft,Ubisoft Paris,N/A,N/A,N/A,N/A,0.28m,0.19m,0.07m,N/A,0.03m,25th Oct 16,06th Apr 18
89,,Guitar Hero Live,,Activision,FreeStyleGames,N/A,N/A,N/A,N/A,0.27m,0.18m,0.06m,N/A,0.03m,20th Oct 15,15th Mar 18
90,,Hatsune Miku: Project Diva F 2nd,,Sega,Sega,N/A,N/A,N/A,N/A,0.27m,0.10m,0.03m,0.10m,0.03m,18th Nov 14,24th Oct 18
91,,Guitar Hero: Van Halen,,Activision,Underground Development,N/A,N/A,N/A,0.25m,N/A,N/A,N/A,N/A,N/A,22nd Dec 09,01st Nov 20
92,,We Sing Pop!,,Nordic Games,Le Cortex,N/A,N/A,N/A,N/A,0.25m,0.05m,0.18m,N/A,0.02m,14th Dec 12,29th Oct 18
93,,Just Dance 2019,,Ubisoft,Ubisoft Paris,N/A,N/A,N/A,N/A,0.24m,0.10m,0.12m,N/A,0.02m,23rd Oct 18,28th Sep 18
94,,Hatsune Miku -Project DIVA- f,,Sega,Sega,N/A,N/A,N/A,0.23m,N/A,N/A,N/A,N/A,N/A,04th Mar 14,11th Jan 19
95,,Hatsune Miku: Project Mirai 2,,Sega,Sega,N/A,N/A,N/A,N/A,0.23m,N/A,N/A,0.23m,N/A,26th May 15,29th Oct 18
96,,SingStar Celebration,,Sony Interactive Entertainment,SIE London Studio,N/A,N/A,N/A,N/A,0.23m,0.04m,0.15m,N/A,0.03m,24th Oct 17,07th Apr 18
97,,Just Dance 2016,,Ubisoft,Ubisoft Paris,N/A,N/A,N/A,N/A,0.22m,0.12m,0.06m,N/A,0.04m,20th Oct 15,05th Apr 18
98,,Just Dance 2018,,Ubisoft,Ubisoft Paris,N/A,N/A,N/A,N/A,0.21m,0.15m,0.04m,N/A,0.02m,24th Oct 17,06th Apr 18
99,,Just Dance: Greatest Hits,,Ubisoft,Ubisoft Paris,N/A,N/A,N/A,N/A,0.20m,0.14m,0.04m,N/A,0.02m,26th Jul 12,03rd Nov 18
100,,Taiko no Tatsujin: Wii U Version!,,Namco Bandai Games,Bandai Namco Games,N/A,N/A,N/A,N/A,0.19m,N/A,N/A,0.19m,N/A,21st Nov 13,18th Sep 18
101,,Singstar: Ultimate Party,,Sony Computer Entertainment,London Studios,N/A,N/A,N/A,N/A,0.19m,N/A,0.16m,N/A,0.03m,24th Oct 14,24th Sep 18
102,,Fantasia: Music Evolved,,Disney Interactive Studios,Harmonix Music Systems,N/A,N/A,N/A,N/A,0.19m,0.14m,0.03m,N/A,0.02m,21st Oct 14,24th Nov 18
103,,Daigasso! Band Brothers P,,Nintendo,Nintendo,N/A,N/A,N/A,N/A,0.19m,N/A,N/A,0.19m,N/A,15th Nov 13,30th Aug 18
104,,Hatsune Miku: Project Diva X,,Sega,Sega,N/A,N/A,N/A,N/A,0.18m,0.05m,N/A,0.12m,0.02m,30th Aug 16,30th Jun 18
105,,Zumba Fitness Rush,,Majesco Entertainment,Majesco Entertainment,N/A,N/A,N/A,N/A,0.18m,0.00m,0.16m,N/A,0.02m,14th Feb 12,04th Nov 18
106,,Country Dance: All Stars,,GameMill Entertainment,GameMill Entertainment,N/A,N/A,N/A,N/A,0.18m,0.16m,N/A,N/A,0.02m,27th Mar 12,04th Nov 18
107,,The Idolm@ster: Shiny Festa - Honey Sound / Funky Note / Groovy Tune,,Namco Bandai Games,Bandai Namco Games,N/A,N/A,N/A,N/A,0.17m,N/A,N/A,0.17m,N/A,25th Oct 12,04th Nov 18
108,,Just Dance 2019,,Ubisoft,Ubisoft Paris,N/A,N/A,N/A,N/A,0.17m,0.11m,0.03m,N/A,0.03m,23rd Oct 18,28th Sep 18
109,,Just Dance 2018,,Ubisoft,Ubisoft Paris,N/A,N/A,N/A,N/A,0.17m,0.07m,0.09m,N/A,0.01m,24th Oct 17,06th Apr 18
110,,Theatrhythm Dragon Quest,,Square Enix,Square Enix,N/A,N/A,N/A,N/A,0.16m,N/A,N/A,0.16m,N/A,26th Mar 15,30th Jun 18
111,,Just Dance: Disney Party,,Ubisoft,Land Ho!,N/A,N/A,N/A,N/A,0.16m,0.13m,0.02m,N/A,0.02m,23rd Oct 12,04th Nov 18
112,,Just Dance 2019,,Ubisoft,Ubisoft Paris,N/A,N/A,N/A,N/A,0.15m,0.13m,0.01m,N/A,0.02m,23rd Oct 18,28th Sep 18
113,,Before the Echo,,Unknown,Iridium Studios,N/A,N/A,N/A,0.15m,N/A,N/A,N/A,N/A,N/A,N/A,24th Mar 19
114,,Hatsune Miku: Project Diva MegaMix    Read the review,,Sega,Sega,7.0,N/A,N/A,0.15m,N/A,N/A,N/A,N/A,N/A,15th May 20,24th Jan 20
115,,Symphony,,Unknown,Empty Clip Studios,N/A,N/A,N/A,0.15m,N/A,N/A,N/A,N/A,N/A,N/A,24th Mar 19
116,,Just Dance: Disney Party,,Ubisoft,Land Ho!,N/A,N/A,N/A,N/A,0.14m,0.03m,0.11m,N/A,0.01m,23rd Oct 12,04th Nov 18
117,,Taiko no Tatsujin: Don Don! Mystery Adventure,,Namco Bandai Games,Namco Bandai Games,N/A,N/A,N/A,N/A,0.14m,N/A,N/A,0.14m,N/A,16th Jun 16,02nd Jul 18
118,,Rocksmith 2014 Edition Remastered,,Ubisoft,Ubisoft,N/A,N/A,N/A,N/A,0.14m,0.11m,N/A,N/A,0.03m,04th Oct 16,19th Jun 18
119,,Lips: I Love The 80s,,Microsoft Game Studios,iNiS,N/A,N/A,N/A,N/A,0.14m,N/A,0.12m,N/A,0.02m,02nd Apr 10,02nd Nov 18
120,,Hatsune Miku: Project Diva X,,Sega,Sega,N/A,N/A,N/A,N/A,0.13m,0.08m,N/A,0.04m,0.02m,30th Aug 16,30th Jun 18
121,,Just Dance 2017,,Ubisoft,Ubisoft Paris,N/A,N/A,N/A,N/A,0.13m,0.05m,0.06m,N/A,0.02m,25th Oct 16,06th Apr 18
122,,Rocksmith 2014 Edition Remastered,,Ubisoft,Ubisoft,N/A,N/A,N/A,N/A,0.13m,0.12m,N/A,N/A,0.01m,04th Oct 16,19th Jun 18
123,,Persona Dancing: Endless Night Collection,,Atlus,Atlus,N/A,N/A,N/A,N/A,0.13m,0.07m,N/A,0.04m,0.02m,04th Dec 18,12th Aug 18
124,,Everybody Dance,,Sony Computer Entertainment,SCEE London Studio,N/A,6.5,N/A,N/A,0.13m,0.11m,N/A,N/A,0.02m,18th Oct 11,14th Sep 18
125,,PriPara Mezase! Idol Grand Prix No.1!,,Takara Tomy,Takara Tomy,N/A,N/A,N/A,N/A,0.13m,N/A,N/A,0.13m,N/A,22nd Oct 15,03rd Jul 18
126,,The Voice,,Activision,Zoe Mode,N/A,N/A,N/A,N/A,0.12m,0.11m,0.00m,N/A,0.01m,21st Oct 14,16th Mar 18
127,,Love Live! School Idol Paradise,,Kadokawa Games,Dingo Inc.,N/A,N/A,N/A,N/A,0.12m,N/A,N/A,0.12m,N/A,28th Aug 14,15th Nov 18
128,,Rush Bros.    Read the review,,Digital Tribe Games,XYLA Entertainment,5.5,N/A,N/A,0.12m,N/A,N/A,N/A,N/A,N/A,24th May 13,16th Apr 19
129,,Uta no * Prince-Sama: All Star,,Broccoli,Nippon Ichi Software,N/A,N/A,N/A,N/A,0.12m,N/A,N/A,0.12m,N/A,07th Mar 13,15th Nov 18
130,,Intralism,,KHB-Soft,KHB-Soft,N/A,N/A,N/A,0.11m,N/A,N/A,N/A,N/A,N/A,04th Nov 16,06th Apr 19
131,,Taiko no Tatsujin: V Version,,Namco Bandai Games,Bandai Namco Games,N/A,N/A,N/A,N/A,0.11m,N/A,N/A,0.11m,N/A,09th Jul 15,04th Jul 18
132,,The Voice,,Activision,Zoe Mode,N/A,N/A,N/A,N/A,0.11m,0.10m,N/A,N/A,0.01m,21st Oct 14,16th Mar 18
133,,Just Dance 2019,,Ubisoft,Ubisoft Paris,N/A,N/A,N/A,N/A,0.10m,0.06m,0.03m,N/A,0.01m,23rd Oct 18,28th Sep 18
134,,The Idolmaster: Starlit Season,,Bandai Namco,"ILCA, Inc.",N/A,N/A,N/A,0.10m,N/A,N/A,N/A,N/A,N/A,14th Oct 21,20th Oct 21
135,,XPLORA1: Peter Gabriel's Secret World,,MacPlay,Real World Media,N/A,N/A,N/A,0.10m,N/A,N/A,N/A,N/A,N/A,21st Dec 93,28th Sep 22
136,,Just Dance 2018,,Ubisoft,Ubisoft Paris,N/A,N/A,N/A,N/A,0.10m,0.06m,0.03m,N/A,0.01m,24th Oct 17,06th Apr 18
137,,Fantasia: Music Evolved,,Disney Interactive Studios,Harmonix Music Systems,N/A,N/A,N/A,N/A,0.10m,0.08m,0.01m,N/A,0.01m,21st Oct 14,24th Nov 18
138,,Let's Sing 2016,,Ravenscourt,Voxler,N/A,N/A,N/A,N/A,0.10m,0.08m,N/A,N/A,0.02m,23rd Oct 15,07th Apr 18
139,,Taiko no Tatsujin: Drum Session!,,Namco Bandai Games,Namco Bandai Games,N/A,N/A,N/A,N/A,0.09m,N/A,N/A,0.09m,N/A,26th Oct 17,13th Sep 18
140,,Singstar: Ultimate Party,,Sony Computer Entertainment Europe,London Studios,N/A,N/A,N/A,N/A,0.09m,N/A,0.08m,N/A,0.01m,24th Oct 14,24th Sep 18
141,,Uta no?Prince-sama? MUSIC 2,,Broccoli,Nippon Ichi Software,N/A,N/A,N/A,N/A,0.09m,N/A,N/A,0.09m,N/A,05th Sep 13,01st Dec 18
142,,Just Dance: Disney Party 2,,Ubisoft,Ubisoft San Francisco,N/A,N/A,N/A,N/A,0.09m,0.07m,0.01m,N/A,0.01m,20th Oct 15,07th Apr 18
143,,Just Dance: Disney Party 2,,Ubisoft,Ubisoft San Francisco,N/A,N/A,N/A,N/A,0.08m,0.06m,0.01m,N/A,0.01m,20th Oct 15,07th Apr 18
144,,IA/VT Colorful,,Marvelous Entertainment,Marvelous,N/A,N/A,N/A,N/A,0.08m,N/A,N/A,0.08m,N/A,30th Jul 15,03rd Dec 18
145,,Taiko no Tatsujin: Atsumete Tomodachi Daisakusen!,,Namco Bandai Games,Bandai Namco Games,N/A,N/A,N/A,N/A,0.08m,N/A,N/A,0.08m,N/A,26th Nov 15,08th Apr 18
146,,Just Dance: Disney Party 2,,Ubisoft,Ubisoft San Francisco,N/A,N/A,N/A,N/A,0.07m,0.06m,0.01m,N/A,0.01m,20th Oct 15,07th Apr 18
147,,Just Dance 2019,,Ubisoft,Ubisoft Paris,N/A,N/A,N/A,N/A,0.07m,0.05m,0.01m,N/A,0.01m,23rd Oct 18,28th Sep 18
148,,Just Dance 2018,,Ubisoft,Ubisoft Paris,N/A,N/A,N/A,N/A,0.07m,0.02m,0.03m,N/A,0.01m,24th Oct 17,06th Apr 18
149,,Miracle Girls Festival,,Sega,Sega,N/A,N/A,N/A,N/A,0.07m,N/A,N/A,0.07m,N/A,17th Dec 15,21st Sep 18
150,,Zumba Fitness Core,,Majesco Entertainment,Zoe Mode,N/A,N/A,N/A,N/A,0.07m,N/A,0.06m,N/A,0.00m,16th Oct 12,28th Dec 18
151,,The Voice,,Activision,Zoe Mode,N/A,N/A,N/A,N/A,0.07m,0.06m,N/A,N/A,0.01m,21st Oct 14,16th Mar 18
152,,Persona 5: Dancing in Starlight,,Atlus,Atlus,N/A,N/A,N/A,N/A,0.06m,0.03m,N/A,0.03m,0.01m,04th Dec 18,13th Aug 18
153,,Uta no Prince-Sama: Music 3,,Broccoli,Nippon Ichi Software,N/A,N/A,N/A,N/A,0.06m,N/A,N/A,0.06m,N/A,28th Jan 16,22nd Sep 18
154,,Pretty Cure All Stars Everyone Gather? Let's Dance!,,Namco Bandai Games,Bandai Namco Games,N/A,N/A,N/A,N/A,0.05m,N/A,N/A,0.05m,N/A,28th Mar 13,03rd Jan 19
155,,Zumba Fitness Core,,Majesco Entertainment,Zoe Mode,N/A,N/A,N/A,N/A,0.05m,N/A,0.05m,N/A,0.00m,16th Oct 12,28th Dec 18
156,,VOEZ,,PM Studios,Rayark Inc.,N/A,8.5,N/A,0.05m,N/A,N/A,N/A,N/A,N/A,14th Aug 18,28th Jan 18
157,,Just Sing,,Ubisoft,Ubisoft,N/A,N/A,N/A,N/A,0.05m,0.04m,N/A,N/A,0.01m,06th Sep 16,27th Jun 18
158,,The Idolm@ster: Must Songs - Red Board / Blue Board,,Namco Bandai Games,Bandai Namco Games,N/A,N/A,N/A,N/A,0.04m,N/A,N/A,0.04m,N/A,10th Dec 15,22nd Sep 18
159,,YoKai Watch Dance: Just Dance Special Version,,Level 5,Level 5,N/A,N/A,N/A,N/A,0.04m,N/A,N/A,0.04m,N/A,05th Dec 15,09th Apr 18
160,,Just Sing,,Ubisoft,Ubisoft,N/A,N/A,N/A,N/A,0.04m,0.03m,N/A,N/A,0.01m,06th Sep 16,27th Jun 18
161,,Persona 3: Dancing in Moonlight,,Atlus,Atlus,N/A,N/A,N/A,N/A,0.04m,0.02m,N/A,0.01m,0.01m,04th Dec 18,13th Aug 18
162,,Let's Sing 2019,,Ravenscourt,Ravenscourt,N/A,N/A,N/A,N/A,0.03m,N/A,0.03m,N/A,0.00m,26th Oct 18,02nd Dec 18
163,,K-On! After School Live!! HD Ver.,,Sega,Sega,N/A,N/A,N/A,N/A,0.03m,N/A,N/A,0.03m,N/A,21st Jun 12,26th Apr 19
164,,SUPERBEAT: XONiC,,PM Studios,Nurijoy,N/A,N/A,N/A,N/A,0.03m,0.03m,N/A,N/A,0.00m,21st Nov 17,20th Sep 18
165,,IDOLiSH7 Twelve Fantasia!,,Bandai Namco Entertainment,Bandai Namco Games,N/A,N/A,N/A,N/A,0.03m,N/A,N/A,0.03m,N/A,15th Feb 18,26th Feb 18
166,,Let's Sing 2019,,Ravenscourt,Ravenscourt,N/A,N/A,N/A,N/A,0.03m,N/A,0.03m,N/A,0.00m,26th Oct 18,02nd Dec 18
167,,Megpoid the Music#,,Asgard,ParaPhray,N/A,N/A,N/A,N/A,0.03m,N/A,N/A,0.03m,N/A,28th Mar 13,27th Apr 19
168,,Let's Sing 2018,,Koch Media,Ravenscourt,N/A,N/A,N/A,N/A,0.03m,N/A,0.03m,N/A,0.00m,24th Nov 17,10th Jan 18
169,,Senran Kagura: Bon Appétit!,,Xseed Games,Meteorise,N/A,N/A,N/A,N/A,0.03m,N/A,N/A,0.03m,N/A,11th Nov 14,14th Oct 18
170,,We Sing (2016),,THQ Nordic,THQ Nordic,N/A,N/A,N/A,N/A,0.03m,0.02m,N/A,N/A,0.01m,01st Dec 16,07th Sep 18
171,,SUPERBEAT: XONiC,,PM Studios,Nurijoy,N/A,N/A,N/A,N/A,0.02m,0.02m,N/A,N/A,0.00m,06th Jun 17,20th Sep 18
172,,PaRappa the Rapper Remastered,,Sony Interactive Entertainment,SIE Japan Studio,N/A,N/A,N/A,N/A,0.02m,N/A,N/A,0.02m,N/A,04th Apr 17,24th Sep 18
173,,Uta Kumi 575,,Sega,Sega,N/A,N/A,N/A,N/A,0.02m,N/A,N/A,0.02m,N/A,23rd Jan 14,03rd May 19
174,,CV Casting Voice,,Namco Bandai Games,Bandai Namco Games,N/A,N/A,N/A,N/A,0.02m,N/A,N/A,0.02m,N/A,19th Jun 14,04th May 19
175,,Patapon Remastered,,Sony Interactive Entertainment,SIE Japan Studio,N/A,N/A,N/A,N/A,0.02m,N/A,N/A,0.02m,N/A,01st Aug 17,24th Sep 18
176,,Persona 5: Dancing in Starlight,,Atlus,Atlus,N/A,N/A,N/A,N/A,0.02m,N/A,N/A,0.02m,N/A,04th Dec 18,13th Aug 18
177,,Gal Metal!,,Xseed Games,DMM Games,N/A,7.0,N/A,N/A,0.02m,0.01m,N/A,0.01m,0.00m,30th Oct 18,18th Mar 19
178,,Persona Dancing: Deluxe Twin Plus,,Atlus,Atlus,N/A,N/A,N/A,N/A,0.02m,N/A,N/A,0.02m,N/A,24th May 18,06th Jun 18
179,,Musynx    Read the review,,PM Studios,PM Studios,7.0,7.5,N/A,N/A,0.01m,0.01m,N/A,N/A,0.00m,19th Jun 18,07th Jan 18
180,,Let's Sing 2019,,Ravenscourt,Ravenscourt,N/A,N/A,N/A,N/A,0.01m,N/A,0.01m,N/A,0.00m,26th Oct 18,02nd Dec 18
181,,Soni Pro,,imageepoch Inc.,imageepoch Inc.,N/A,N/A,N/A,N/A,0.01m,N/A,N/A,0.01m,N/A,31st Jul 14,07th May 19
182,,Persona 3: Dancing in Moonlight,,Atlus,Atlus,N/A,N/A,N/A,N/A,0.01m,N/A,N/A,0.01m,N/A,04th Dec 18,13th Aug 18
183,,Just Dance: Disney Party 2,,Ubisoft,Ubisoft San Francisco,N/A,N/A,N/A,N/A,0.01m,N/A,0.01m,N/A,0.00m,20th Oct 15,07th Apr 18
184,,We Sing 80s,,Nordic Games,Le Cortex,N/A,N/A,N/A,N/A,0.00m,N/A,0.00m,N/A,0.00m,08th Feb 13,07th Apr 18
185,,Rhythm Heaven Fever    Read the review,,Nintendo,Nintendo,7.9,N/A,N/A,N/A,0.00m,N/A,0.00m,N/A,0.00m,13th Feb 12,01st May 19
186,,Deemo: The Last Recital,,PM Studios,Rayark Inc.,N/A,N/A,N/A,N/A,0.00m,N/A,N/A,0.00m,N/A,29th Jan 19,07th Nov 18
187,,Kylie Sing and Dance,,Koch Media,Unknown,N/A,N/A,N/A,N/A,0.00m,N/A,0.00m,N/A,0.00m,07th Dec 12,07th Apr 18
188,,The Hip Hop Dance Experience,,Ubisoft,iNiS,N/A,N/A,N/A,N/A,0.00m,N/A,0.00m,N/A,0.00m,13th Nov 12,02nd May 19
189,,SUPERBEAT: XONiC,,PM Studios,Nurijoy,N/A,N/A,N/A,N/A,0.00m,N/A,0.00m,N/A,0.00m,10th Nov 15,20th Sep 18
190,,Andrew Lloyd Webber Musicals: Sing and Dance,,Koch Media,Tubby Games,N/A,N/A,N/A,N/A,0.00m,N/A,0.00m,N/A,0.00m,09th Nov 12,08th May 19
191,,Disney Violetta: Rhythm & Music,,Disney Interactive Studios,Little Orbit,N/A,N/A,N/A,N/A,0.00m,N/A,0.00m,N/A,0.00m,26th Sep 14,07th Apr 18
192,,The Voice,,Activision,Zoe Mode,N/A,N/A,N/A,N/A,0.00m,N/A,0.00m,N/A,0.00m,21st Oct 14,16th Mar 18
193,,Crypt of the NecroDancer,,Klei Entertainment,Brace Yourself Games,N/A,N/A,N/A,N/A,N/A,N/A,N/A,N/A,N/A,23rd Apr 15,06th Aug 18
194,,Crypt of the NecroDancer,,Klei Entertainment,Brace Yourself Games,N/A,N/A,N/A,N/A,N/A,N/A,N/A,N/A,N/A,23rd Apr 15,06th Aug 18
195,,Crypt of the NecroDancer,,Klei Entertainment,Brace Yourself Games,N/A,N/A,N/A,N/A,N/A,N/A,N/A,N/A,N/A,23rd Apr 15,06th Aug 18
196,,Disney Violetta: Rhythm & Music,,Disney Interactive Studios,Little Orbit,N/A,N/A,N/A,N/A,N/A,N/A,N/A,N/A,N/A,01st Oct 14,07th Apr 18
197,,Disney Violetta: Rhythm & Music,,Disney Interactive Studios,Little Orbit,N/A,N/A,N/A,N/A,N/A,N/A,N/A,N/A,N/A,01st Oct 14,07th Apr 18
198,,HarmoKnight    Read the review,,Nintendo,Game Freak,5.8,N/A,N/A,N/A,N/A,N/A,N/A,N/A,N/A,28th Mar 13,31st Aug 18
199,,Hatsune Miku: VR Future Live,,Sega,Sega,N/A,N/A,N/A,N/A,N/A,N/A,N/A,N/A,N/A,13th Oct 16,08th Apr 18
200,,Just Dance 2017,,Ubisoft,Ubisoft Paris,N/A,N/A,N/A,N/A,N/A,N/A,N/A,N/A,N/A,25th Oct 16,06th Apr 18
201,,Just Dance: Greatest Hits,,Ubisoft,Ubisoft Paris,N/A,N/A,N/A,N/A,N/A,N/A,N/A,N/A,N/A,26th Jul 12,03rd Nov 18
202,,Let's Sing 2016,,Ravenscourt,Voxler,N/A,N/A,N/A,N/A,N/A,N/A,N/A,N/A,N/A,23rd Oct 15,07th Apr 18
203,,Rocksmith 2014,,Ubisoft,Ubisoft San Francisco,N/A,9.0,N/A,N/A,N/A,N/A,N/A,N/A,N/A,22nd Oct 13,08th Mar 18
204,,Rocksmith 2014 Edition Remastered,,Ubisoft,Ubisoft,N/A,N/A,N/A,N/A,N/A,N/A,N/A,N/A,N/A,04th Oct 16,19th Jun 18
205,,The Hip Hop Dance Experience,,Ubisoft,iNiS,N/A,N/A,N/A,N/A,N/A,N/A,N/A,N/A,N/A,13th Nov 12,02nd May 19
206,,We Sing (2016),,THQ Nordic,THQ Nordic,N/A,N/A,N/A,N/A,N/A,N/A,N/A,N/A,N/A,31st Dec 16,07th Sep 18
207,,Wii Karaoke U by JOYSOUND,,Nintendo,TOSE,N/A,N/A,N/A,N/A,N/A,N/A,N/A,N/A,N/A,08th Dec 12,28th Aug 18
208,,ZillerNet,,Microsoft,Studio9,N/A,N/A,N/A,N/A,N/A,N/A,N/A,N/A,N/A,10th Jun 05,25th Sep 18
209,,AVICII Invector,,Wired Productions,Wired Productions,N/A,N/A,N/A,N/A,N/A,N/A,N/A,N/A,N/A,08th Sep 20,17th Aug 20
210,,AVICII Invector,,Wired Productions,Wired Productions,N/A,N/A,N/A,N/A,N/A,N/A,N/A,N/A,N/A,11th Dec 19,17th Aug 20
211,,AVICII Invector,,Wired Productions,Wired Productions,N/A,N/A,N/A,N/A,N/A,N/A,N/A,N/A,N/A,11th Dec 19,17th Aug 20
212,,AVICII Invector,,Wired Productions,Wired Productions,N/A,N/A,N/A,N/A,N/A,N/A,N/A,N/A,N/A,11th Dec 19,17th Aug 20
213,,Beat Saber,,Beat Games,Beat Games,N/A,N/A,N/A,N/A,N/A,N/A,N/A,N/A,N/A,01st May 18,15th Mar 22
214,,Beat Saber,,Beat Games,Beat Games,N/A,N/A,N/A,N/A,N/A,N/A,N/A,N/A,N/A,20th Nov 18,08th Nov 18
215,,Cadence of Hyrule - Crypt of the NecroDancer feat. The Legend of Zelda,,Nintendo,Brace Yourself Games,N/A,9.5,N/A,N/A,N/A,N/A,N/A,N/A,N/A,13th Jun 19,12th Jun 19
216,,Crypt of the NecroDancer,,Brace Yourself Games,Brace Yourself Games,N/A,N/A,N/A,N/A,N/A,N/A,N/A,N/A,N/A,10th Feb 17,06th Aug 18
217,,Crypt of the NecroDancer,,Brace Yourself Games,Brace Yourself Games,N/A,N/A,N/A,N/A,N/A,N/A,N/A,N/A,N/A,02nd Feb 16,06th Aug 18
218,,Crypt of the NecroDancer,,Brace Yourself Games,Brace Yourself Games,N/A,N/A,N/A,N/A,N/A,N/A,N/A,N/A,N/A,02nd Feb 16,06th Aug 18
219,,Crypt of the NecroDancer: Nintendo Switch Edition,,Brace Yourself Games,Brace Yourself Games,N/A,N/A,N/A,N/A,N/A,N/A,N/A,N/A,N/A,01st Feb 18,23rd Nov 18
220,,Cytus Alpha,,PM Studios,Rayark Inc.,N/A,N/A,N/A,N/A,N/A,N/A,N/A,N/A,N/A,23rd Apr 19,22nd Mar 19
221,,Dance Central Spotlight,,Microsoft Studios,Harmonix Music Systems,N/A,N/A,N/A,N/A,N/A,N/A,N/A,N/A,N/A,02nd Sep 14,16th Nov 18
222,,Dark Witch Music Episode: Rudymical,,Flyhigh Works,Flyhigh Works,N/A,N/A,N/A,N/A,N/A,N/A,N/A,N/A,N/A,11th May 17,11th Mar 18
223,,EAT BEAT DEADSPIKE-san,,Arc System Works,Arc System Works,N/A,N/A,N/A,N/A,N/A,N/A,N/A,N/A,N/A,22nd Mar 18,23rd Mar 18
224,,Frederic: The Resurrection of Music,,Forever Entertainment S.A.,Forever Entertainment S.A.,N/A,N/A,N/A,N/A,N/A,N/A,N/A,N/A,N/A,21st Dec 17,04th Feb 18
225,,Fuser,,NCSoft,Harmonix Music Systems,N/A,N/A,N/A,N/A,N/A,N/A,N/A,N/A,N/A,10th Nov 20,02nd Jun 20
226,,Fuser,,NCSoft,Harmonix Music Systems,N/A,N/A,N/A,N/A,N/A,N/A,N/A,N/A,N/A,10th Nov 20,02nd Jun 20
227,,Fuser,,NCSoft,Harmonix Music Systems,N/A,N/A,N/A,N/A,N/A,N/A,N/A,N/A,N/A,10th Nov 20,02nd Jun 20
228,,Fuser,,NCSoft,Harmonix Music Systems,N/A,N/A,N/A,N/A,N/A,N/A,N/A,N/A,N/A,10th Nov 20,02nd Jun 20
229,,Hiragana Pixel Party,,Springloaded,Springloaded,N/A,N/A,N/A,N/A,N/A,N/A,N/A,N/A,N/A,16th Dec 17,12th Mar 18
230,,Just Dance 2020,,Ubisoft,Ubisoft,N/A,N/A,N/A,N/A,N/A,N/A,N/A,N/A,N/A,05th Nov 19,25th Jul 19
231,,Just Dance 2020,,Ubisoft,Ubisoft,N/A,N/A,N/A,N/A,N/A,N/A,N/A,N/A,N/A,05th Nov 19,25th Jul 19
232,,Just Dance 2020,,Ubisoft,Ubisoft,N/A,N/A,N/A,N/A,N/A,N/A,N/A,N/A,N/A,05th Nov 19,25th Aug 22
233,,Just Dance 2020,,Ubisoft,Ubisoft,N/A,N/A,N/A,N/A,N/A,N/A,N/A,N/A,N/A,05th Nov 19,25th Jul 19
234,,Just Dance 2020,,Ubisoft,Ubisoft,N/A,N/A,N/A,N/A,N/A,N/A,N/A,N/A,N/A,05th Nov 19,25th Jul 19
235,,Just Dance 2021,,Ubisoft,Ubisoft Paris,N/A,N/A,N/A,N/A,N/A,N/A,N/A,N/A,N/A,12th Nov 20,27th Aug 20
236,,Just Dance 2021,,Ubisoft,Ubisoft Paris,N/A,N/A,N/A,N/A,N/A,N/A,N/A,N/A,N/A,12th Nov 20,27th Aug 20
237,,Just Dance 2021,,Ubisoft,Ubisoft Paris,N/A,N/A,N/A,N/A,N/A,N/A,N/A,N/A,N/A,12th Nov 20,27th Aug 20
238,,Just Dance 2021,,Ubisoft,Ubisoft Paris,N/A,N/A,N/A,N/A,N/A,N/A,N/A,N/A,N/A,12th Nov 20,27th Aug 20
239,,Just Dance 2021,,Ubisoft,Ubisoft Paris,N/A,N/A,N/A,N/A,N/A,N/A,N/A,N/A,N/A,12th Nov 20,27th Aug 20
240,,Just Dance 2022,,Ubisoft,Ubisoft,N/A,N/A,N/A,N/A,N/A,N/A,N/A,N/A,N/A,04th Nov 21,21st Sep 21
241,,Just Shapes & Beats,,Berzerk Studio,Berzerk Studio,N/A,N/A,N/A,N/A,N/A,N/A,N/A,N/A,N/A,01st Jul 18,23rd Mar 18
242,,Karaoke JOYSOUND for Switch,,Xing Entertainment,Xing Inc.,N/A,N/A,N/A,N/A,N/A,N/A,N/A,N/A,N/A,06th Dec 17,30th Aug 18
243,,Kingdom Hearts: Melody of Memory    Read the review,,Square Enix,Square Enix,6.0,N/A,N/A,N/A,N/A,N/A,N/A,N/A,N/A,13th Nov 20,18th Sep 20
244,,Kingdom Hearts: Melody of Memory,,Square Enix,Square Enix,N/A,N/A,N/A,N/A,N/A,N/A,N/A,N/A,N/A,13th Nov 20,18th Sep 20
245,,Kingdom Hearts: Melody of Memory,,Square Enix,Square Enix,N/A,N/A,N/A,N/A,N/A,N/A,N/A,N/A,N/A,13th Nov 20,18th Sep 20
246,,Let's Sing 2016,,Ravenscourt,Voxler,N/A,N/A,N/A,N/A,N/A,N/A,N/A,N/A,N/A,23rd Oct 15,07th Apr 18
247,,Let's Sing 2018,,Koch Media,Voxler,N/A,N/A,N/A,N/A,N/A,N/A,N/A,N/A,N/A,24th Nov 17,02nd Feb 18
248,,Let's Sing 2018,,Koch Media,Voxler,N/A,N/A,N/A,N/A,N/A,N/A,N/A,N/A,N/A,24th Nov 17,02nd Feb 18
249,,Love Live! School Idol Festival ~After School Activity~ Wai-Wai! Home Meeting!!    Read the review,,Unknown,BushiRoad,7.0,N/A,N/A,N/A,N/A,N/A,N/A,N/A,N/A,N/A,10th Feb 21
250,,Lyrica,,RNOVA Studio,Cosen,N/A,N/A,N/A,N/A,N/A,N/A,N/A,N/A,N/A,15th Nov 17,23rd Mar 19
251,,Lyrica,,RNOVA Studio,Cosen,N/A,N/A,N/A,N/A,N/A,N/A,N/A,N/A,N/A,28th Mar 19,23rd Mar 19
252,,Lyrica,,RNOVA Studio,Cosen,N/A,N/A,N/A,N/A,N/A,N/A,N/A,N/A,N/A,15th Nov 17,23rd Mar 19
253,,Melody Blaster,,Mattel Electronics,Mattel,N/A,N/A,N/A,N/A,N/A,N/A,N/A,N/A,N/A,01st Jan 83,13th Jan 18
254,,No Straight Roads,,Unknown,Metronomik,N/A,N/A,N/A,N/A,N/A,N/A,N/A,N/A,N/A,N/A,23rd Sep 20
255,,No Straight Roads,,Unknown,Metronomik,N/A,N/A,N/A,N/A,N/A,N/A,N/A,N/A,N/A,N/A,23rd Sep 20
256,,No Straight Roads,,Unknown,Metronomik,N/A,N/A,N/A,N/A,N/A,N/A,N/A,N/A,N/A,N/A,23rd Sep 20
257,,No Straight Roads    Read the review,,Unknown,Metronomik,5.0,N/A,N/A,N/A,N/A,N/A,N/A,N/A,N/A,N/A,23rd Sep 20
258,,Ode,,Unknown,Reflections Interactive,N/A,N/A,N/A,N/A,N/A,N/A,N/A,N/A,N/A,N/A,01st Feb 20
259,,Patapon 2 Remastered,,Sony Interactive Entertainment,Pyramid/JAPAN Studio,N/A,N/A,N/A,N/A,N/A,N/A,N/A,N/A,N/A,30th Jan 20,11th Apr 20
260,,Ragnarock,,Unknown,WanadevStudio,N/A,N/A,N/A,N/A,N/A,N/A,N/A,N/A,N/A,N/A,09th Feb 22
261,,Rock Band Blitz    Read the review,,Unknown,Harmonix Music Systems,6.8,N/A,N/A,N/A,N/A,N/A,N/A,N/A,N/A,N/A,13th Aug 22
262,,Rock Band Blitz,,Unknown,Harmonix Music Systems,N/A,N/A,N/A,N/A,N/A,N/A,N/A,N/A,N/A,N/A,13th Aug 22
263,,Rocksmith+,,Unknown,Ubisoft,N/A,N/A,N/A,N/A,N/A,N/A,N/A,N/A,N/A,N/A,13th Jun 21
264,,Rocksmith+,,Unknown,Ubisoft,N/A,N/A,N/A,N/A,N/A,N/A,N/A,N/A,N/A,N/A,13th Jun 21
265,,Rocksmith+,,Unknown,Ubisoft,N/A,N/A,N/A,N/A,N/A,N/A,N/A,N/A,N/A,N/A,13th Jun 21
266,,Rocksmith+,,Unknown,Ubisoft,N/A,N/A,N/A,N/A,N/A,N/A,N/A,N/A,N/A,N/A,13th Jun 21
267,,Rocksmith+,,Unknown,Ubisoft,N/A,N/A,N/A,N/A,N/A,N/A,N/A,N/A,N/A,N/A,13th Jun 21
268,,Sayonara Wild Hearts,,Annapurna Interactive,Simogo,N/A,N/A,N/A,N/A,N/A,N/A,N/A,N/A,N/A,19th Sep 19,06th Dec 18
269,,Senran Kagura Bon Appetit!,,Unknown,Meteorise,N/A,N/A,N/A,N/A,N/A,N/A,N/A,N/A,N/A,N/A,29th Mar 19
270,,SingStar,,Sony Computer Entertainment,SCEE London Studio,N/A,N/A,N/A,N/A,N/A,N/A,N/A,N/A,N/A,28th Oct 14,24th Sep 18
271,,Space Channel 5 VR: Kinda Funky News Flash!,,Sega,Grounding Inc.,N/A,N/A,N/A,N/A,N/A,N/A,N/A,N/A,N/A,01st Dec 20,06th Dec 19
272,,Space Channel 5 VR: Kinda Funky News Flash!,,Sega,Grounding Inc.,N/A,N/A,N/A,N/A,N/A,N/A,N/A,N/A,N/A,01st Dec 20,06th Dec 19
273,,Super Beat Sports,,Harmonix Music Systems,Harmonix Music Systems,N/A,N/A,N/A,N/A,N/A,N/A,N/A,N/A,N/A,02nd Nov 17,25th Mar 18
274,,The Idolmaster: Starlit Season,,Bandai Namco Entertainment,Bandai Namco Games,N/A,N/A,N/A,N/A,N/A,N/A,N/A,N/A,N/A,01st Dec 20,16th Jul 20
275,,The Idolmaster: Starlit Season,,Bandai Namco Entertainment,Bandai Namco Games,N/A,N/A,N/A,N/A,N/A,N/A,N/A,N/A,N/A,01st Dec 20,16th Jul 20
276,,Theatrhythm Final Bar Line,,Unknown,indieszero,N/A,N/A,N/A,N/A,N/A,N/A,N/A,N/A,N/A,N/A,31st Dec 22
277,,Theatrhythm Final Bar Line,,Unknown,indieszero,N/A,N/A,N/A,N/A,N/A,N/A,N/A,N/A,N/A,N/A,31st Dec 22
278,,Thumper,,Drool,Drool,N/A,9.0,9.3,N/A,N/A,N/A,N/A,N/A,N/A,18th May 17,20th Feb 18
279,,Track Lab,,Sony Interactive Entertainment,Little Chicken Game Company,N/A,N/A,N/A,N/A,N/A,N/A,N/A,N/A,N/A,21st Aug 18,21st Sep 18
