Results: (146),<<  1  >>
A    B    C    D    E    F    G    H    I    J    K    L    M    N    O    P    Q    R    S    T    U    V    W    X    Y    Z
Pos,Box Art,Game,Console,Publisher,Developer,VGChartz Score,Critic Score,User Score,Total Shipped,Total Sales,NA Sales,PAL Sales,Japan Sales,Other Sales,Release Date,Last Update
1,Boxart Missing,Mario Party,Series,Nintendo,Hudson Soft,N/A,N/A,N/A,70.09m,N/A,N/A,N/A,N/A,N/A,01st Feb 99,18th Feb 20
2,Boxart Missing,Wii Play,Series,Nintendo,Nintendo,N/A,N/A,N/A,29.66m,N/A,N/A,N/A,N/A,N/A,12th Feb 07,20th Feb 20
3,Boxart Missing,Kinect Adventures!    Read the review,X360,Microsoft Game Studios,Good Science Studio,6.2,6.7,N/A,24.00m,N/A,N/A,N/A,N/A,N/A,04th Nov 10,29th Sep 18
4,Boxart Missing,Super Mario Party    Read the review,NS,Nintendo,"Nd Cube Co., Ltd.",7.0,7.3,N/A,18.79m,N/A,N/A,N/A,N/A,N/A,05th Oct 18,19th Nov 18
5,Boxart Missing,Wii Party,Series,Nintendo,NDcube,N/A,N/A,N/A,11.14m,N/A,N/A,N/A,N/A,N/A,03rd Oct 10,19th Feb 20
6,Boxart Missing,Fall Guys: Ultimate Knockout,PC,Devolver Digital,Mediatonic,N/A,N/A,N/A,11.00m,N/A,N/A,N/A,N/A,N/A,04th Aug 20,14th Jul 20
7,Boxart Missing,Buzz!,Series,Sony Interactive Entertainment,Relentless Software,N/A,N/A,N/A,10.00m,N/A,N/A,N/A,N/A,N/A,21st Oct 05,17th Feb 20
8,Boxart Missing,Carnival Games,Series,Global Star Software,Cat Daddy Games,N/A,N/A,N/A,9.50m,N/A,N/A,N/A,N/A,N/A,27th Aug 07,15th Feb 20
9,Boxart Missing,Mario Party Superstars    Read the review,NS,Nintendo,Nintendo,8.0,N/A,N/A,9.38m,N/A,N/A,N/A,N/A,N/A,29th Oct 21,15th Jun 21
10,Boxart Missing,WarioWare,Series,Nintendo,Nintendo,N/A,N/A,N/A,7.19m,N/A,N/A,N/A,N/A,N/A,26th May 03,22nd Feb 20
11,Boxart Missing,Clubhouse Games,Series,Nintendo,"Agenda, C.A. Production, NDcube",N/A,N/A,N/A,6.79m,N/A,N/A,N/A,N/A,N/A,09th Oct 06,08th Jun 20
12,Boxart Missing,Carnival Games,All,Global Star Software,Cat Daddy Games,N/A,N/A,N/A,6.00m,N/A,N/A,N/A,N/A,N/A,27th Aug 07,30th Dec 20
13,Boxart Missing,Nintendo Land    Read the review,WiiU,Nintendo,Nintendo,8.0,7.5,N/A,5.21m,N/A,N/A,N/A,N/A,N/A,18th Nov 12,25th Aug 20
14,Boxart Missing,You Don't Know Jack,Series,Berkeley Systems,Berkeley Systems,N/A,N/A,N/A,4.50m,N/A,N/A,N/A,N/A,N/A,01st Jan 95,10th Apr 21
15,Boxart Missing,Clubhouse Games: 51 Worldwide Classics    Read the review,NS,Nintendo,Nintendo,8.0,N/A,N/A,4.22m,N/A,N/A,N/A,N/A,N/A,05th Jun 20,07th Apr 20
16,Boxart Missing,1-2-Switch,NS,Nintendo,Nintendo EPD,N/A,5.7,N/A,3.63m,N/A,N/A,N/A,N/A,N/A,03rd Mar 17,19th Nov 18
17,Boxart Missing,"Momotaro Dentetsu: Showa, Heisei, Reiwa Mo Teiban!",NS,Konami,Konami,N/A,N/A,N/A,3.50m,N/A,N/A,N/A,N/A,N/A,19th Nov 20,24th Nov 20
18,Boxart Missing,Mario Party 9    Read the review,Wii,Nintendo,"Nd Cube Co., Ltd.",5.8,6.5,N/A,3.11m,N/A,N/A,N/A,N/A,N/A,11th Mar 12,19th Nov 18
19,Boxart Missing,Game Party,Series,Midway Games,FarSight Studios,N/A,N/A,N/A,3.00m,N/A,N/A,N/A,N/A,N/A,27th Nov 07,17th Aug 21
20,Boxart Missing,Mario Party: Island Tour    Read the review,3DS,Nintendo,"Nd Cube Co., Ltd.",6.8,5.5,N/A,2.95m,N/A,N/A,N/A,N/A,N/A,22nd Nov 13,04th Aug 20
21,Boxart Missing,Wii Party U    Read the review,WiiU,Nintendo,"Nd Cube Co., Ltd.",5.5,6.6,N/A,1.79m,N/A,N/A,N/A,N/A,N/A,25th Oct 13,19th Nov 18
22,Boxart Missing,Rayman Raving Rabbids: TV Party,All,Ubisoft,Ubisoft Paris,N/A,N/A,N/A,1.50m,N/A,N/A,N/A,N/A,N/A,18th Nov 08,26th Nov 20
23,Boxart Missing,WarioWare: Get It Together!,NS,Nintendo,Nintendo,N/A,N/A,N/A,1.27m,N/A,N/A,N/A,N/A,N/A,10th Sep 21,16th Jun 21
24,Boxart Missing,Move or Die,PC,Unknown,Those Awesome Guys,N/A,N/A,N/A,0.95m,N/A,N/A,N/A,N/A,N/A,N/A,05th Feb 19
25,Boxart Missing,Mario Party: Star Rush,3DS,Nintendo,"Nd Cube Co., Ltd.",N/A,6.2,N/A,N/A,0.87m,0.25m,0.37m,0.20m,0.05m,04th Nov 16,19th Nov 18
26,Boxart Missing,Mario Party: The Top 100,3DS,Nintendo,"Nd Cube Co., Ltd.",N/A,5.0,N/A,N/A,0.69m,0.23m,0.17m,0.24m,0.04m,10th Nov 17,04th Aug 20
27,Boxart Missing,Knowledge is Power,PS4,Sony Interactive Entertainment,Wish Studio,N/A,N/A,N/A,N/A,0.61m,0.05m,0.47m,N/A,0.09m,24th Oct 17,07th Apr 18
28,Boxart Missing,Animal Crossing: Amiibo Festival,WiiU,Nintendo,"Nd Cube Co., Ltd.",N/A,4.8,N/A,N/A,0.49m,0.23m,0.12m,0.10m,0.04m,13th Nov 15,08th Feb 18
29,Boxart Missing,Momotaro Dentetsu 2017: Tachiagare Nippon!!,3DS,Nintendo,Valhalla Game Studios,N/A,N/A,N/A,N/A,0.40m,N/A,N/A,0.40m,N/A,22nd Dec 16,29th May 18
30,Boxart Missing,WipeOut 3 The Game,Wii,Activision,Behaviour Interactive,N/A,N/A,N/A,N/A,0.40m,0.36m,N/A,N/A,0.04m,25th Sep 12,16th Mar 18
31,Boxart Missing,Ape Escape Academy,PSP,Sony Computer Entertainment,Shift,N/A,5.3,N/A,N/A,0.33m,0.13m,0.15m,N/A,0.05m,17th Jan 06,18th Sep 18
32,Boxart Missing,The Jackbox Party Pack 3,PC,Jackbox Games,Jackbox Games,N/A,N/A,N/A,0.32m,N/A,N/A,N/A,N/A,N/A,18th Oct 16,21st Apr 19
33,Boxart Missing,The Jackbox Party Pack,PC,Jackbox Games,Jackbox Games,N/A,N/A,N/A,0.31m,N/A,N/A,N/A,N/A,N/A,26th Nov 14,21st Apr 19
34,Boxart Missing,Sing Party,WiiU,Nintendo,FreeStyleGames,N/A,6.8,N/A,N/A,0.30m,0.15m,0.13m,N/A,0.03m,18th Nov 12,08th Sep 20
35,Boxart Missing,The Jackbox Party Pack 2,PC,Jackbox Games,Jackbox Games,N/A,N/A,N/A,0.30m,N/A,N/A,N/A,N/A,N/A,13th Oct 15,21st Apr 19
36,Boxart Missing,Carnival Games,NS,2K Games,Cat Daddy Games,N/A,N/A,N/A,N/A,0.27m,0.11m,0.14m,N/A,0.02m,06th Nov 18,22nd Sep 18
37,Boxart Missing,Game & Wario    Read the review,WiiU,Nintendo,Intelligent Systems,4.0,6.2,N/A,N/A,0.25m,0.06m,0.06m,0.12m,0.01m,23rd Jun 13,15th Mar 18
38,Boxart Missing,You Don't Know Jack (1995),All,Berkeley Systems,Jellyvision,N/A,N/A,N/A,0.25m,N/A,N/A,N/A,N/A,N/A,01st Jan 95,10th Apr 21
39,Boxart Missing,WipeOut 3 The Game,X360,Activision,Behaviour Interactive,N/A,N/A,N/A,N/A,0.22m,0.20m,N/A,N/A,0.02m,25th Sep 12,16th Mar 18
40,Boxart Missing,WipeOut 3 The Game,3DS,Activision,Behaviour Interactive,N/A,N/A,N/A,N/A,0.22m,0.19m,N/A,N/A,0.02m,25th Sep 12,16th Mar 18
41,Boxart Missing,Adorables,PC,Unknown,White Rabbit Games,N/A,N/A,N/A,0.18m,N/A,N/A,N/A,N/A,N/A,N/A,04th Mar 19
42,Boxart Missing,Pac-Man Party 3D,3DS,Namco Bandai,Namco Bandai Games,N/A,N/A,N/A,N/A,0.15m,0.09m,0.04m,N/A,0.01m,08th Nov 11,14th Jan 19
43,Boxart Missing,Ape Escape Academy (jp sales),PSP,Sony Computer Entertainment,Shift,N/A,N/A,N/A,N/A,0.14m,N/A,0.00m,0.13m,N/A,17th Jan 06,18th Sep 18
44,Boxart Missing,Game Party Champions,WiiU,Warner Bros. Interactive Entertainment,Phosphor Studios,N/A,N/A,N/A,N/A,0.13m,0.09m,0.03m,N/A,0.01m,18th Nov 12,08th Sep 20
45,Boxart Missing,WipeOut 3 The Game,WiiU,Activision,Behaviour Interactive,N/A,N/A,N/A,N/A,0.13m,0.11m,N/A,N/A,0.01m,18th Nov 12,16th Mar 18
46,Boxart Missing,The Jackbox Party Pack 4,PC,Jackbox Games,Jackbox Games,N/A,N/A,N/A,0.12m,N/A,N/A,N/A,N/A,N/A,19th Oct 17,21st Apr 19
47,Boxart Missing,Whacked!,XB,Microsoft Game Studios,Presto Studios,N/A,N/A,N/A,N/A,0.09m,0.07m,0.02m,N/A,0.00m,08th Oct 02,25th Sep 18
48,Boxart Missing,Carnival Games: Wild West 3D,3DS,2K Play,Cat Daddy Games,N/A,N/A,N/A,N/A,0.09m,0.06m,0.03m,N/A,0.01m,21st Nov 11,15th Jan 19
49,Boxart Missing,Ape Escape: Pumped & Primed,PS2,Ubisoft,SCE Japan Studio,N/A,N/A,N/A,N/A,0.08m,0.04m,0.03m,N/A,0.01m,20th Oct 04,18th Sep 18
50,Boxart Missing,America's Greatest Game Shows: Wheel of Fortune and Jeopardy!,NS,Ubisoft,Ubisoft,N/A,N/A,N/A,N/A,0.06m,0.06m,N/A,N/A,0.01m,30th Oct 18,16th Feb 19
51,Boxart Missing,Party Arcade,NS,Planet Entertainment,Solutions 2 Go,N/A,N/A,N/A,N/A,0.06m,0.05m,N/A,N/A,0.01m,09th Nov 18,15th Aug 18
52,Boxart Missing,Carnival Games,PS4,2K Games,Cat Daddy Games,N/A,N/A,N/A,N/A,0.05m,0.04m,N/A,N/A,0.01m,06th Nov 18,22nd Sep 18
53,Boxart Missing,Carnival Games,XOne,2K Games,Cat Daddy Games,N/A,N/A,N/A,N/A,0.05m,0.04m,N/A,N/A,0.01m,06th Nov 18,22nd Sep 18
54,Boxart Missing,That's You!,PS4,Sony Interactive Entertainment,Wish Studio,N/A,N/A,N/A,N/A,0.04m,0.04m,N/A,N/A,0.01m,24th Oct 17,08th Apr 18
55,Boxart Missing,PlayStation Move Ape Escape,PS3,Sony Computer Entertainment,SCE Japan Studio,N/A,4.0,N/A,N/A,0.04m,N/A,0.03m,N/A,0.01m,05th Jul 11,16th Sep 18
56,Boxart Missing,Rabbids Land,WiiU,Ubisoft,Ubisoft Paris,N/A,6.1,N/A,N/A,0.03m,0.01m,0.01m,N/A,0.00m,18th Nov 12,08th Sep 20
57,Boxart Missing,Hasbro Game Night for Nintendo Switch,NS,Ubisoft,Ubisoft,N/A,N/A,N/A,N/A,0.01m,N/A,0.01m,N/A,0.00m,30th Oct 18,30th Mar 19
58,Boxart Missing,Just Deal With It,PS4,Wired Productions,Wired Productions,N/A,N/A,N/A,N/A,0.01m,0.01m,N/A,N/A,0.00m,04th Dec 18,12th Oct 18
59,Boxart Missing,Funfair Party Games,3DS,Joindots,Avanquest Software,N/A,N/A,N/A,N/A,0.00m,N/A,0.00m,N/A,0.00m,22nd Aug 13,02nd May 19
60,Boxart Missing,Ape Escape Academy,PSN,Sony Computer Entertainment,Shift,N/A,5.3,N/A,N/A,N/A,N/A,N/A,N/A,N/A,09th Apr 09,18th Sep 18
61,Boxart Missing,EyeToy: Monkey Mania,PS2,Sony Computer Entertainment,SCE Japan Studio,N/A,N/A,N/A,N/A,N/A,N/A,N/A,N/A,N/A,18th Mar 05,16th Sep 18
62,Boxart Missing,A Gummy's Life,PC,Unknown,EP Games,N/A,N/A,N/A,N/A,N/A,N/A,N/A,N/A,N/A,N/A,22nd Sep 18
63,Boxart Missing,A Gummy's Life    Read the review,NS,Unknown,EP Games,4.0,N/A,N/A,N/A,N/A,N/A,N/A,N/A,N/A,N/A,22nd Sep 18
64,Boxart Missing,Among Us,NS,Unknown,Innersloth,N/A,N/A,N/A,N/A,N/A,N/A,N/A,N/A,N/A,N/A,08th Nov 21
65,Boxart Missing,Among Us,PC,Unknown,Innersloth,N/A,N/A,N/A,N/A,N/A,N/A,N/A,N/A,N/A,N/A,13th Jan 22
66,Boxart Missing,Among Us,XS,Unknown,Innersloth,N/A,N/A,N/A,N/A,N/A,N/A,N/A,N/A,N/A,N/A,13th Jan 22
67,Boxart Missing,Among Us,XOne,Unknown,Innersloth,N/A,N/A,N/A,N/A,N/A,N/A,N/A,N/A,N/A,N/A,13th Jan 22
68,Boxart Missing,Among Us,PS5,Unknown,Innersloth,N/A,N/A,N/A,N/A,N/A,N/A,N/A,N/A,N/A,N/A,13th Jan 22
69,Boxart Missing,Among Us,PS4,Unknown,Innersloth,N/A,N/A,N/A,N/A,N/A,N/A,N/A,N/A,N/A,N/A,13th Jan 22
70,Boxart Missing,Among Us VR,PS4,Unknown,Schell Games,N/A,N/A,N/A,N/A,N/A,N/A,N/A,N/A,N/A,N/A,20th Nov 22
71,Boxart Missing,Among Us VR,PC,Unknown,Schell Games,N/A,N/A,N/A,N/A,N/A,N/A,N/A,N/A,N/A,N/A,20th Nov 22
72,Boxart Missing,Animal Force,PS4,Oasis Games Ltd.,ISVR,N/A,N/A,N/A,N/A,N/A,N/A,N/A,N/A,N/A,10th Jul 18,19th Sep 18
73,Boxart Missing,Ape Escape Academy 2,PSP,Sony Computer Entertainment,Shift,N/A,N/A,N/A,N/A,N/A,N/A,N/A,N/A,N/A,15th Dec 05,18th Sep 18
74,Boxart Missing,Ape Escape Academy 2,PSN,Sony Computer Entertainment,Shift,N/A,N/A,N/A,N/A,N/A,N/A,N/A,N/A,N/A,24th Sep 09,19th Sep 18
75,Boxart Missing,Astro Bears Party,NS,QubicGames,QubicGames,N/A,N/A,N/A,N/A,N/A,N/A,N/A,N/A,N/A,28th Sep 17,04th Feb 18
76,Boxart Missing,BINGO for Nintendo Switch,NS,Starsign,Starsign,N/A,N/A,N/A,N/A,N/A,N/A,N/A,N/A,N/A,15th Mar 18,02nd Nov 18
77,Boxart Missing,Bonkies,NS,Unknown,Studio Gauntlet,N/A,N/A,N/A,N/A,N/A,N/A,N/A,N/A,N/A,N/A,01st Aug 21
78,Boxart Missing,Bonkies,PC,Unknown,Studio Gauntlet,N/A,N/A,N/A,N/A,N/A,N/A,N/A,N/A,N/A,N/A,01st Aug 21
79,Boxart Missing,Bonkies,PS4,Unknown,Studio Gauntlet,N/A,N/A,N/A,N/A,N/A,N/A,N/A,N/A,N/A,N/A,01st Aug 21
80,Boxart Missing,Bonkies,XOne,Unknown,Studio Gauntlet,N/A,N/A,N/A,N/A,N/A,N/A,N/A,N/A,N/A,N/A,01st Aug 21
81,Boxart Missing,Boomerang Fu,PC,Cranky Watermelon,Cranky Watermelon,N/A,N/A,N/A,N/A,N/A,N/A,N/A,N/A,N/A,13th Aug 20,08th Nov 21
82,Boxart Missing,Boomerang Fu,XOne,Cranky Watermelon,Cranky Watermelon,N/A,N/A,N/A,N/A,N/A,N/A,N/A,N/A,N/A,13th Aug 20,08th Nov 21
83,Boxart Missing,Boomerang Fu,NS,Cranky Watermelon,Cranky Watermelon,N/A,N/A,N/A,N/A,N/A,N/A,N/A,N/A,N/A,13th Aug 20,08th Nov 21
84,Boxart Missing,Cake Bash,PC,Unknown,High Tea Frog,N/A,N/A,N/A,N/A,N/A,N/A,N/A,N/A,N/A,N/A,23rd Nov 20
85,Boxart Missing,Cake Bash,XOne,Unknown,High Tea Frog,N/A,N/A,N/A,N/A,N/A,N/A,N/A,N/A,N/A,N/A,23rd Nov 20
86,Boxart Missing,Cake Bash,PS4,Unknown,High Tea Frog,N/A,N/A,N/A,N/A,N/A,N/A,N/A,N/A,N/A,N/A,23rd Nov 20
87,Boxart Missing,Cake Bash    Read the review,NS,Unknown,High Tea Frog,5.0,N/A,N/A,N/A,N/A,N/A,N/A,N/A,N/A,N/A,23rd Nov 20
88,Boxart Missing,Chimparty,PS4,Sony Interactive Entertainment,NapNok Games,N/A,N/A,N/A,N/A,N/A,N/A,N/A,N/A,N/A,13th Nov 18,21st Sep 18
89,Boxart Missing,Conga Master Party!,NS,Undercoders,Rising Star Games,N/A,N/A,N/A,N/A,N/A,N/A,N/A,N/A,N/A,28th Sep 17,11th Mar 18
90,Boxart Missing,Death Squared,NS,SMG Studio,SMG Studio,N/A,N/A,N/A,N/A,N/A,N/A,N/A,N/A,N/A,13th Jul 17,11th Mar 18
91,Boxart Missing,Disney Tsum Tsum Festival,NS,Bandai Namco Entertainment,Bandai Namco,N/A,N/A,N/A,N/A,N/A,N/A,N/A,N/A,N/A,08th Nov 19,14th Feb 19
92,Boxart Missing,Every Party,X360,Microsoft Game Studios,Game Republic,N/A,N/A,N/A,N/A,N/A,N/A,N/A,N/A,N/A,10th Dec 05,27th Apr 18
93,Boxart Missing,Eville    Read the review,XS,Unknown,VestGames,5.5,N/A,N/A,N/A,N/A,N/A,N/A,N/A,N/A,N/A,11th Nov 22
94,Boxart Missing,Eville,PC,Unknown,VestGames,N/A,N/A,N/A,N/A,N/A,N/A,N/A,N/A,N/A,N/A,11th Nov 22
95,Boxart Missing,Eville,XOne,Unknown,VestGames,N/A,N/A,N/A,N/A,N/A,N/A,N/A,N/A,N/A,N/A,11th Nov 22
96,Boxart Missing,Fall Guys: Ultimate Knockout    Read the review,XS,Unknown,Mediatonic,7.5,N/A,N/A,N/A,N/A,N/A,N/A,N/A,N/A,N/A,18th Feb 21
97,Boxart Missing,Fall Guys: Ultimate Knockout,XOne,Unknown,Mediatonic,N/A,N/A,N/A,N/A,N/A,N/A,N/A,N/A,N/A,N/A,18th Feb 21
98,Boxart Missing,Fall Guys: Ultimate Knockout,PS4,Devolver Digital,Mediatonic,N/A,N/A,N/A,N/A,N/A,N/A,N/A,N/A,N/A,04th Aug 20,14th Jul 20
99,Boxart Missing,Fall Guys: Ultimate Knockout,NS,Unknown,Mediatonic Ltd.,N/A,N/A,N/A,N/A,N/A,N/A,N/A,N/A,N/A,N/A,17th Feb 21
100,Boxart Missing,Fall Guys: Ultimate Knockout,All,Devolver Digital,Mediatonic,N/A,N/A,N/A,N/A,N/A,N/A,N/A,N/A,N/A,04th Aug 20,18th Feb 21
101,Boxart Missing,Frantics,PS4,Sony Interactive Entertainment,NapNok Games,N/A,N/A,N/A,N/A,N/A,N/A,N/A,N/A,N/A,06th Mar 18,24th Sep 18
102,Boxart Missing,Guilt Battle Arena,NS,ForwardXP,Invincible Cat,N/A,N/A,N/A,N/A,N/A,N/A,N/A,N/A,N/A,01st Mar 18,23rd Mar 18
103,Boxart Missing,INVERSUS Deluxe,NS,Hypersect,Hypersect,N/A,N/A,N/A,N/A,N/A,N/A,N/A,N/A,N/A,28th Sep 17,12th Mar 18
104,Boxart Missing,Jeopardy!,WiiU,THQ,Pipeworks Software,N/A,N/A,N/A,N/A,N/A,N/A,N/A,N/A,N/A,14th Dec 12,15th Sep 20
105,Boxart Missing,Kinect Party    Read the review,X360,Unknown,Double Fine Productions,7.3,N/A,N/A,N/A,N/A,N/A,N/A,N/A,N/A,N/A,14th Aug 22
106,Boxart Missing,Kirby's Dream Buffet    Read the review,NS,Unknown,HAL Laboratory,5.5,N/A,N/A,N/A,N/A,N/A,N/A,N/A,N/A,N/A,14th Aug 22
107,Boxart Missing,Knowledge is Power: Decades,PS4,Sony Interactive Entertainment,Wish Studio,N/A,N/A,N/A,N/A,N/A,N/A,N/A,N/A,N/A,14th Nov 18,24th Sep 18
108,Boxart Missing,Lovers in a Dangerous Spacetime,NS,Asteroid Base,Asteroid Base,N/A,N/A,N/A,N/A,N/A,N/A,N/A,N/A,N/A,03rd Oct 17,23rd Mar 18
109,Boxart Missing,Lumberhill,PC,Unknown,2BIGo,N/A,N/A,N/A,N/A,N/A,N/A,N/A,N/A,N/A,N/A,21st Apr 22
110,Boxart Missing,Lumberhill    Read the review,NS,Unknown,2BIGo,5.5,N/A,N/A,N/A,N/A,N/A,N/A,N/A,N/A,N/A,21st Apr 22
111,Boxart Missing,Mario Party 2,WiiU,Unknown,Nintendo,N/A,N/A,N/A,N/A,N/A,N/A,N/A,N/A,N/A,N/A,25th Aug 20
112,Boxart Missing,Marooners,PC,M2H,M2H,N/A,N/A,N/A,N/A,N/A,N/A,N/A,N/A,N/A,15th Sep 16,26th Jul 21
113,Boxart Missing,Marooners,XOne,M2H,M2H,N/A,N/A,N/A,N/A,N/A,N/A,N/A,N/A,N/A,06th Feb 18,26th Jul 21
114,Boxart Missing,Marooners,PS4,M2H,M2H,N/A,N/A,N/A,N/A,N/A,N/A,N/A,N/A,N/A,06th Feb 18,26th Jul 21
115,Boxart Missing,Marooners,NS,Unknown,M2H,N/A,N/A,N/A,N/A,N/A,N/A,N/A,N/A,N/A,N/A,26th Jul 21
116,Boxart Missing,Moon Hunters,NS,Kitfox Games,Kitfox Games,N/A,N/A,N/A,N/A,N/A,N/A,N/A,N/A,N/A,26th Oct 17,23rd Mar 18
117,Boxart Missing,No Heroes Here,NS,Mad Mimic,Mad Mimic,N/A,N/A,N/A,N/A,N/A,N/A,N/A,N/A,N/A,28th Jun 18,18th Apr 22
118,Boxart Missing,Overcooked! All You Can Eat,XS,Team17,Ghost Town Games,N/A,N/A,N/A,N/A,N/A,N/A,N/A,N/A,N/A,01st Dec 20,21st Jul 20
119,Boxart Missing,Overcooked! All You Can Eat,XOne,Unknown,Ghost Town Games,N/A,N/A,N/A,N/A,N/A,N/A,N/A,N/A,N/A,N/A,07th Nov 21
120,Boxart Missing,Overcooked! All You Can Eat,PS4,Unknown,Ghost Town Games,N/A,N/A,N/A,N/A,N/A,N/A,N/A,N/A,N/A,N/A,07th Nov 21
121,Boxart Missing,Overcooked! All You Can Eat,PC,Unknown,Ghost Town Games,N/A,N/A,N/A,N/A,N/A,N/A,N/A,N/A,N/A,N/A,07th Nov 21
122,Boxart Missing,Overcooked! All You Can Eat,NS,Unknown,Ghost Town Games,N/A,N/A,N/A,N/A,N/A,N/A,N/A,N/A,N/A,N/A,07th Nov 21
123,Boxart Missing,Overcooked! All You Can Eat,PS5,Team17,Ghost Town Games,N/A,N/A,N/A,N/A,N/A,N/A,N/A,N/A,N/A,01st Dec 20,21st Jul 20
124,Boxart Missing,Pooh's Party Game: In Search of the Treasure,PS,Disney Interactive Studios,Doki Denki,N/A,N/A,N/A,N/A,N/A,N/A,N/A,N/A,N/A,22nd Nov 01,04th Apr 18
125,Boxart Missing,Rabbids: Adventure Party,NS,Ubisoft,Ubisoft,N/A,N/A,N/A,N/A,N/A,N/A,N/A,N/A,N/A,01st Dec 20,05th Aug 19
126,Boxart Missing,Schlag den Star,PS4,bitComposer Games,Lost The Game Studio,N/A,N/A,N/A,N/A,N/A,N/A,N/A,N/A,N/A,30th Nov 17,09th Jan 18
127,Boxart Missing,Schlag den Star,NS,bitComposer Games,Lost The Game Studio,N/A,N/A,N/A,N/A,N/A,N/A,N/A,N/A,N/A,29th Sep 17,09th Jan 18
128,Boxart Missing,Scribble,WiiU,Unknown,TBD,N/A,N/A,N/A,N/A,N/A,N/A,N/A,N/A,N/A,N/A,25th Aug 20
129,Boxart Missing,Shrek: Treasure Hunt,PS,TDK Mediactive,The Code Monkeys,N/A,N/A,N/A,N/A,N/A,N/A,N/A,N/A,N/A,18th Oct 02,30th Mar 18
130,Boxart Missing,Slam Land,PC,Unknown,Bread Machine Games,N/A,N/A,N/A,N/A,N/A,N/A,N/A,N/A,N/A,N/A,10th Jul 18
131,Boxart Missing,Slam Land,NS,Unknown,Bread Machine Games,N/A,N/A,N/A,N/A,N/A,N/A,N/A,N/A,N/A,N/A,10th Jul 18
132,Boxart Missing,Slam Land,PS4,Unknown,Bread Machine Games,N/A,N/A,N/A,N/A,N/A,N/A,N/A,N/A,N/A,N/A,10th Jul 18
133,Boxart Missing,Super Rocket Shootout,NS,Plug In Digital,Oddly Shaped Pixels,N/A,N/A,N/A,N/A,N/A,N/A,N/A,N/A,N/A,06th Mar 18,25th Mar 18
134,Boxart Missing,The Jackbox Party Pack,NS,Jackbox Games,Jackbox Games,N/A,N/A,N/A,N/A,N/A,N/A,N/A,N/A,N/A,17th Aug 17,21st Apr 19
135,Boxart Missing,The Jackbox Party Pack 2,NS,Jackbox Games,Jackbox Games,N/A,N/A,N/A,N/A,N/A,N/A,N/A,N/A,N/A,17th Aug 17,21st Apr 19
136,Boxart Missing,The Jackbox Party Pack 3,NS,Jackbox Games,Jackbox Games,N/A,N/A,N/A,N/A,N/A,N/A,N/A,N/A,N/A,13th Apr 17,21st Apr 19
137,Boxart Missing,The Jackbox Party Pack 4,NS,Jackbox Games,Jackbox Games,N/A,N/A,N/A,N/A,N/A,N/A,N/A,N/A,N/A,19th Oct 17,21st Apr 19
138,Boxart Missing,The Jackbox Party Pack 5,NS,Jackbox Games,Jackbox Games,N/A,N/A,N/A,N/A,N/A,N/A,N/A,N/A,N/A,17th Oct 18,21st Apr 19
139,Boxart Missing,The Jackbox Party Pack 5,PC,Jackbox Games,Jackbox Games,N/A,N/A,N/A,N/A,N/A,N/A,N/A,N/A,N/A,17th Oct 18,21st Apr 19
140,Boxart Missing,The Jackbox Party Pack 8,All,Unknown,Jackbox Games,N/A,N/A,N/A,N/A,N/A,N/A,N/A,N/A,N/A,N/A,23rd Dec 21
141,Boxart Missing,The Playroom,PS4,Sony Computer Entertainment,SCE Japan Studio,N/A,N/A,N/A,N/A,N/A,N/A,N/A,N/A,N/A,15th Nov 13,17th Sep 18
142,Boxart Missing,The Playroom VR,PS4,Sony Interactive Entertainment,SIE Japan Studio,N/A,N/A,N/A,N/A,N/A,N/A,N/A,N/A,N/A,10th Oct 16,17th Sep 18
143,Boxart Missing,Tools Up!,NS,All in! Games,All in! Games,N/A,N/A,N/A,N/A,N/A,N/A,N/A,N/A,N/A,03rd Dec 19,17th Apr 22
144,Boxart Missing,Use Your Words,NS,"Smiling Buddha Games, LLC.","Smiling Buddha Games, LLC.",N/A,N/A,N/A,N/A,N/A,N/A,N/A,N/A,N/A,03rd Aug 17,26th Mar 18
145,Boxart Missing,Use Your Words,WiiU,Unknown,"Smiling Buddha Games, LLC.",N/A,N/A,N/A,N/A,N/A,N/A,N/A,N/A,N/A,N/A,25th Aug 20
146,Boxart Missing,WinKings,WiiU,Unknown,TBD,N/A,N/A,N/A,N/A,N/A,N/A,N/A,N/A,N/A,N/A,25th Aug 20
